{
  "tipo": "openset_petface",
  "max_individuos": 500,
  "frac_novos": 0.5,
  "seeds": [
    42,
    7,
    123
  ],
  "timestamp_utc": "20260526T011155Z",
  "agregado": {
    "tpr_at_fpr_01": {
      "media": 0.04,
      "std": 0.024,
      "min": 0.016,
      "max": 0.064
    },
    "tpr_at_fpr_05": {
      "media": 0.12666666666666665,
      "std": 0.01890326250501043,
      "min": 0.112,
      "max": 0.148
    },
    "rank1_open_set": {
      "media": 0.037333333333333336,
      "std": 0.020132891827388668,
      "min": 0.016,
      "max": 0.056
    },
    "auc_roc": {
      "media": 0.6066133333333333,
      "std": 0.01981105199966255,
      "min": 0.594976,
      "max": 0.629488
    },
    "eer": {
      "media": 0.4053333333333334,
      "std": 0.014047538337136997,
      "min": 0.392,
      "max": 0.42000000000000004
    },
    "tau_fpr_01": {
      "media": 0.9471210638682047,
      "std": 0.008578772642141045,
      "min": 0.9405807256698608,
      "max": 0.9568343162536621
    },
    "tau_fpr_05": {
      "media": 0.9121262033780416,
      "std": 0.003902740769287167,
      "min": 0.9078948497772217,
      "max": 0.9155846834182739
    },
    "tau_eer": {
      "media": 0.7112777431805929,
      "std": 0.00428419128255604,
      "min": 0.7064470052719116,
      "max": 0.7146162986755371
    }
  },
  "por_seed": [
    {
      "n_queries_total": 500,
      "n_queries_conhecidas": 250,
      "n_queries_novas": 250,
      "n_ids_catalogo": 250,
      "n_ids_novos": 250,
      "tpr_at_fpr_01": 0.04,
      "tpr_at_fpr_05": 0.112,
      "rank1_open_set": 0.04,
      "auc_roc": 0.5953760000000001,
      "eer": 0.42000000000000004,
      "tau_fpr_01": 0.9439481496810913,
      "tau_fpr_05": 0.9155846834182739,
      "tau_eer": 0.7146162986755371,
      "seed": 42
    },
    {
      "n_queries_total": 500,
      "n_queries_conhecidas": 250,
      "n_queries_novas": 250,
      "n_ids_catalogo": 250,
      "n_ids_novos": 250,
      "tpr_at_fpr_01": 0.064,
      "tpr_at_fpr_05": 0.148,
      "rank1_open_set": 0.056,
      "auc_roc": 0.629488,
      "eer": 0.392,
      "tau_fpr_01": 0.9405807256698608,
      "tau_fpr_05": 0.9078948497772217,
      "tau_eer": 0.7127699255943298,
      "seed": 7
    },
    {
      "n_queries_total": 500,
      "n_queries_conhecidas": 250,
      "n_queries_novas": 250,
      "n_ids_catalogo": 250,
      "n_ids_novos": 250,
      "tpr_at_fpr_01": 0.016,
      "tpr_at_fpr_05": 0.12,
      "rank1_open_set": 0.016,
      "auc_roc": 0.594976,
      "eer": 0.404,
      "tau_fpr_01": 0.9568343162536621,
      "tau_fpr_05": 0.9128990769386292,
      "tau_eer": 0.7064470052719116,
      "seed": 123
    }
  ],
  "fpr_curve_seed_canonica": [
    0.0,
    0.0,
    0.0,
    0.0,
    0.0,
    0.0,
    0.004,
    0.004,
    0.004,
    0.004,
    0.004,
    0.008,
    0.008,
    0.012,
    0.012,
    0.012,
    0.012,
    0.012,
    0.016,
    0.016,
    0.02,
    0.02,
    0.02,
    0.024,
    0.024,
    0.024,
    0.024,
    0.024,
    0.024,
    0.024,
    0.024,
    0.024,
    0.024,
    0.028,
    0.032,
    0.032,
    0.036,
    0.04,
    0.04,
    0.044,
    0.048,
    0.052,
    0.052,
    0.056,
    0.06,
    0.064,
    0.068,
    0.068,
    0.072,
    0.072,
    0.076,
    0.076,
    0.076,
    0.08,
    0.084,
    0.088,
    0.092,
    0.092,
    0.092,
    0.092,
    0.092,
    0.096,
    0.096,
    0.096,
    0.096,
    0.096,
    0.096,
    0.096,
    0.096,
    0.1,
    0.1,
    0.1,
    0.1,
    0.1,
    0.104,
    0.104,
    0.108,
    0.108,
    0.112,
    0.116,
    0.12,
    0.12,
    0.12,
    0.12,
    0.12,
    0.12,
    0.12,
    0.124,
    0.124,
    0.124,
    0.124,
    0.124,
    0.124,
    0.128,
    0.132,
    0.132,
    0.136,
    0.136,
    0.14,
    0.144,
    0.144,
    0.144,
    0.144,
    0.148,
    0.152,
    0.156,
    0.156,
    0.16,
    0.164,
    0.164,
    0.164,
    0.168,
    0.172,
    0.176,
    0.176,
    0.18,
    0.184,
    0.184,
    0.188,
    0.188,
    0.188,
    0.192,
    0.196,
    0.2,
    0.2,
    0.204,
    0.208,
    0.212,
    0.216,
    0.216,
    0.22,
    0.224,
    0.224,
    0.224,
    0.224,
    0.224,
    0.224,
    0.228,
    0.232,
    0.236,
    0.236,
    0.24,
    0.24,
    0.24,
    0.24,
    0.244,
    0.244,
    0.248,
    0.252,
    0.252,
    0.252,
    0.252,
    0.252,
    0.256,
    0.26,
    0.26,
    0.264,
    0.268,
    0.268,
    0.272,
    0.272,
    0.272,
    0.276,
    0.276,
    0.28,
    0.284,
    0.284,
    0.284,
    0.288,
    0.292,
    0.292,
    0.296,
    0.296,
    0.296,
    0.3,
    0.3,
    0.3,
    0.304,
    0.304,
    0.304,
    0.304,
    0.304,
    0.304,
    0.304,
    0.304,
    0.308,
    0.312,
    0.312,
    0.312,
    0.316,
    0.316,
    0.316,
    0.32,
    0.324,
    0.324,
    0.324,
    0.324,
    0.324,
    0.328,
    0.328,
    0.328,
    0.328,
    0.328,
    0.332,
    0.336,
    0.34,
    0.34,
    0.344,
    0.344,
    0.344,
    0.348,
    0.352,
    0.356,
    0.356,
    0.36,
    0.36,
    0.364,
    0.364,
    0.364,
    0.364,
    0.364,
    0.364,
    0.364,
    0.368,
    0.372,
    0.372,
    0.376,
    0.38,
    0.384,
    0.384,
    0.384,
    0.388,
    0.388,
    0.392,
    0.396,
    0.4,
    0.4,
    0.4,
    0.404,
    0.404,
    0.408,
    0.412,
    0.412,
    0.416,
    0.416,
    0.416,
    0.416,
    0.42,
    0.42,
    0.42,
    0.42,
    0.424,
    0.424,
    0.428,
    0.428,
    0.432,
    0.436,
    0.44,
    0.44,
    0.44,
    0.444,
    0.448,
    0.448,
    0.452,
    0.452,
    0.456,
    0.456,
    0.46,
    0.46,
    0.464,
    0.468,
    0.472,
    0.472,
    0.476,
    0.476,
    0.476,
    0.48,
    0.48,
    0.484,
    0.488,
    0.492,
    0.492,
    0.492,
    0.496,
    0.5,
    0.504,
    0.508,
    0.512,
    0.512,
    0.516,
    0.516,
    0.52,
    0.52,
    0.52,
    0.524,
    0.528,
    0.528,
    0.528,
    0.528,
    0.532,
    0.532,
    0.532,
    0.536,
    0.536,
    0.536,
    0.536,
    0.536,
    0.536,
    0.54,
    0.54,
    0.544,
    0.544,
    0.548,
    0.552,
    0.556,
    0.56,
    0.564,
    0.564,
    0.568,
    0.568,
    0.568,
    0.568,
    0.572,
    0.572,
    0.576,
    0.576,
    0.576,
    0.576,
    0.58,
    0.584,
    0.588,
    0.588,
    0.588,
    0.588,
    0.588,
    0.592,
    0.592,
    0.592,
    0.596,
    0.596,
    0.6,
    0.6,
    0.6,
    0.604,
    0.604,
    0.604,
    0.604,
    0.608,
    0.612,
    0.616,
    0.616,
    0.62,
    0.624,
    0.628,
    0.628,
    0.628,
    0.632,
    0.636,
    0.64,
    0.644,
    0.648,
    0.652,
    0.656,
    0.66,
    0.66,
    0.66,
    0.66,
    0.664,
    0.668,
    0.672,
    0.676,
    0.68,
    0.684,
    0.688,
    0.688,
    0.692,
    0.692,
    0.696,
    0.7,
    0.7,
    0.7,
    0.704,
    0.708,
    0.712,
    0.716,
    0.72,
    0.72,
    0.724,
    0.728,
    0.728,
    0.732,
    0.736,
    0.736,
    0.736,
    0.74,
    0.744,
    0.748,
    0.752,
    0.752,
    0.752,
    0.756,
    0.76,
    0.764,
    0.764,
    0.768,
    0.772,
    0.772,
    0.772,
    0.772,
    0.772,
    0.776,
    0.78,
    0.784,
    0.788,
    0.792,
    0.796,
    0.8,
    0.804,
    0.808,
    0.812,
    0.816,
    0.82,
    0.824,
    0.828,
    0.828,
    0.828,
    0.828,
    0.832,
    0.832,
    0.836,
    0.84,
    0.84,
    0.844,
    0.848,
    0.852,
    0.856,
    0.856,
    0.86,
    0.864,
    0.864,
    0.864,
    0.868,
    0.872,
    0.876,
    0.88,
    0.88,
    0.884,
    0.884,
    0.884,
    0.888,
    0.888,
    0.888,
    0.888,
    0.892,
    0.892,
    0.892,
    0.896,
    0.9,
    0.904,
    0.908,
    0.912,
    0.916,
    0.92,
    0.924,
    0.928,
    0.932,
    0.936,
    0.94,
    0.94,
    0.944,
    0.944,
    0.944,
    0.948,
    0.948,
    0.948,
    0.952,
    0.956,
    0.956,
    0.96,
    0.96,
    0.964,
    0.964,
    0.968,
    0.968,
    0.972,
    0.972,
    0.976,
    0.976,
    0.98,
    0.98,
    0.98,
    0.98,
    0.98,
