{
  "n_individuos": 50,
  "frac_novos": 0.5,
  "seeds": [
    42,
    7,
    123
  ],
  "auc_media": 0.6469333333333335,
  "auc_desvio": 0.050832010911760435,
  "tpr_at_fpr_01_media": 0.21333333333333335,
  "tpr_at_fpr_05_media": 0.28,
  "por_seed": [
    {
      "seed": 42,
      "relatorio": {
        "n_queries_total": 50,
        "n_queries_conhecidas": 25,
        "n_queries_novas": 25,
        "n_ids_catalogo": 25,
        "n_ids_novos": 25,
        "tpr_at_fpr_01": 0.2,
        "tpr_at_fpr_05": 0.24,
        "rank1_open_set": 0.2,
        "auc_roc": 0.7056,
        "eer": 0.28,
        "tau_fpr_01": 0.8530827760696411,
        "tau_fpr_05": 0.8030842542648315,
        "tau_eer": 0.6218901872634888,
        "fpr_curve": [
          0.0,
          0.0,
          0.0,
          0.0,
          0.0,
          0.0,
          0.04,
          0.04,
          0.08,
          0.08,
          0.08,
          0.08,
          0.12,
          0.12,
          0.16,
          0.16,
          0.16,
          0.16,
          0.16,
          0.16,
          0.2,
          0.2,
          0.24,
          0.28,
          0.28,
          0.28,
          0.32,
          0.36,
          0.4,
          0.44,
          0.44,
          0.48,
          0.52,
          0.56,
          0.6,
          0.64,
          0.68,
          0.68,
          0.72,
          0.76,
          0.8,
          0.84,
          0.84,
          0.84,
          0.84,
          0.88,
          0.88,
          0.88,
          0.92,
          0.96,
          1.0
        ],
        "tpr_curve": [
          0.0,
          0.04,
          0.08,
          0.12,
          0.16,
          0.2,
          0.2,
          0.24,
          0.24,
          0.28,
          0.32,
          0.36,
          0.36,
          0.4,
          0.4,
          0.44,
          0.48,
          0.52,
          0.56,
          0.6,
          0.6,
          0.64,
          0.64,
          0.64,
          0.68,
          0.72,
          0.72,
          0.72,
          0.72,
          0.72,
          0.76,
          0.76,
          0.76,
          0.76,
          0.76,
          0.76,
          0.76,
          0.8,
          0.8,
          0.8,
          0.8,
          0.8,
          0.84,
          0.88,
          0.92,
          0.92,
          0.96,
          1.0,
          1.0,
          1.0,
          1.0
        ]
      }
    },
    {
      "seed": 7,
      "relatorio": {
        "n_queries_total": 50,
        "n_queries_conhecidas": 25,
        "n_queries_novas": 25,
        "n_ids_catalogo": 25,
        "n_ids_novos": 25,
        "tpr_at_fpr_01": 0.24,
        "tpr_at_fpr_05": 0.32,
        "rank1_open_set": 0.24,
        "auc_roc": 0.616,
        "eer": 0.4,
        "tau_fpr_01": 0.8184629678726196,
        "tau_fpr_05": 0.7829785346984863,
        "tau_eer": 0.645889163017273,
        "fpr_curve": [
          0.0,
          0.0,
          0.0,
          0.0,
          0.0,
          0.0,
          0.0,
          0.04,
          0.04,
          0.04,
          0.08,
          0.12,
          0.16,
          0.16,
          0.2,
          0.24,
          0.24,
          0.28,
          0.32,
          0.32,
          0.32,
          0.32,
          0.32,
          0.36,
          0.36,
          0.4,
          0.44,
          0.48,
          0.48,
          0.48,
          0.52,
          0.52,
          0.52,
          0.56,
          0.6,
          0.64,
          0.68,
          0.72,
          0.76,
          0.8,
          0.84,
          0.84,
          0.88,
          0.88,
          0.92,
          0.92,
          0.92,
          0.96,
          0.96,
          0.96,
          1.0
        ],
        "tpr_curve": [
          0.0,
          0.04,
          0.08,
          0.12,
          0.16,
          0.2,
          0.24,
          0.24,
          0.28,
          0.32,
          0.32,
          0.32,
          0.32,
          0.36,
          0.36,
          0.36,
          0.4,
          0.4,
          0.4,
          0.44,
          0.48,
          0.52,
          0.56,
          0.56,
          0.6,
          0.6,
          0.6,
          0.6,
          0.64,
          0.68,
          0.68,
          0.72,
          0.76,
          0.76,
          0.76,
          0.76,
          0.76,
          0.76,
          0.76,
          0.76,
          0.76,
          0.8,
          0.8,
          0.84,
          0.84,
          0.88,
          0.92,
          0.92,
          0.96,
          1.0,
          1.0
        ]
      }
    },
    {
      "seed": 123,
      "relatorio": {
        "n_queries_total": 50,
        "n_queries_conhecidas": 25,
        "n_queries_novas": 25,
        "n_ids_catalogo": 25,
        "n_ids_novos": 25,
        "tpr_at_fpr_01": 0.2,
        "tpr_at_fpr_05": 0.28,
        "rank1_open_set": 0.2,
        "auc_roc": 0.6192000000000001,
        "eer": 0.4,
        "tau_fpr_01": 0.8530827760696411,
        "tau_fpr_05": 0.8030842542648315,
        "tau_eer": 0.6095771193504333,
        "fpr_curve": [
          0.0,
          0.0,
          0.0,
          0.0,
          0.0,
          0.0,
          0.04,
          0.04,
          0.04,
          0.08,
          0.12,
          0.12,
          0.12,
          0.16,
          0.2,
          0.24,
          0.24,
          0.28,
          0.28,
          0.28,
          0.28,
          0.28,
          0.32,
          0.36,
          0.4,
          0.4,
          0.44,
          0.44,
          0.44,
          0.48,
          0.52,
          0.56,
          0.56,
          0.6,
          0.64,
          0.64,
          0.68,
          0.72,
          0.76,
          0.8,
          0.8,
          0.84,
          0.88,
          0.88,
          0.92,
          0.92,
          0.92,
          0.92,
          0.92,
          0.96,
          1.0
        ],
        "tpr_curve": [
          0.0,
          0.04,
          0.08,
          0.12,
          0.16,
          0.2,
          0.2,
          0.24,
          0.28,
          0.28,
          0.28,
          0.32,
          0.36,
          0.36,
          0.36,
          0.36,
          0.4,
          0.4,
          0.44,
          0.48,
          0.52,
          0.56,
          0.56,
          0.56,
          0.56,
          0.6,
          0.6,
          0.64,
          0.68,
          0.68,
          0.68,
          0.68,
          0.72,
          0.72,
          0.72,
          0.76,
          0.76,
          0.76,
          0.76,
          0.76,
          0.8,
          0.8,
          0.8,
          0.84,
          0.84,
          0.88,
          0.92,
          0.96,
          1.0,
          1.0,
          1.0
        ]
      }
    }
  ]
}
