{
  "n_individuos": 100,
  "frac_novos": 0.5,
  "seeds": [
    42,
    7,
    123
  ],
  "auc_media": 0.6553333333333334,
  "auc_desvio": 0.05009005223927535,
  "tpr_at_fpr_01_media": 0.10666666666666667,
  "tpr_at_fpr_05_media": 0.2866666666666667,
  "por_seed": [
    {
      "seed": 42,
      "relatorio": {
        "n_queries_total": 100,
        "n_queries_conhecidas": 50,
        "n_queries_novas": 50,
        "n_ids_catalogo": 50,
        "n_ids_novos": 50,
        "tpr_at_fpr_01": 0.08,
        "tpr_at_fpr_05": 0.26,
        "rank1_open_set": 0.08,
        "auc_roc": 0.7116,
        "eer": 0.31999999999999995,
        "tau_fpr_01": 0.9288702607154846,
        "tau_fpr_05": 0.8343710899353027,
        "tau_eer": 0.6395009756088257,
        "fpr_curve": [
          0.0,
          0.0,
          0.0,
          0.0,
          0.0,
          0.02,
          0.02,
          0.02,
          0.02,
          0.02,
          0.02,
          0.02,
          0.02,
          0.04,
          0.04,
          0.04,
          0.06,
          0.06,
          0.08,
          0.08,
          0.08,
          0.1,
          0.12,
          0.12,
          0.14,
          0.14,
          0.14,
          0.14,
          0.14,
          0.16,
          0.16,
          0.18,
          0.18,
          0.2,
          0.22,
          0.22,
          0.22,
          0.22,
          0.22,
          0.22,
          0.24,
          0.24,
          0.24,
          0.24,
          0.24,
          0.26,
          0.28,
          0.3,
          0.3,
          0.32,
          0.32,
          0.32,
          0.34,
          0.36,
          0.36,
          0.38,
          0.38,
          0.38,
          0.4,
          0.42,
          0.44,
          0.46,
          0.48,
          0.5,
          0.52,
          0.52,
          0.54,
          0.56,
          0.56,
          0.58,
          0.6,
          0.6,
          0.62,
          0.62,
          0.62,
          0.64,
          0.66,
          0.68,
          0.7,
          0.72,
          0.74,
          0.76,
          0.76,
          0.76,
          0.76,
          0.76,
          0.78,
          0.8,
          0.82,
          0.84,
          0.86,
          0.88,
          0.9,
          0.92,
          0.92,
          0.94,
          0.96,
          0.96,
          0.98,
          1.0,
          1.0
        ],
        "tpr_curve": [
          0.0,
          0.02,
          0.04,
          0.06,
          0.08,
          0.08,
          0.1,
          0.12,
          0.14,
          0.16,
          0.18,
          0.2,
          0.22,
          0.22,
          0.24,
          0.26,
          0.26,
          0.28,
          0.28,
          0.3,
          0.32,
          0.32,
          0.32,
          0.34,
          0.34,
          0.36,
          0.38,
          0.4,
          0.42,
          0.42,
          0.44,
          0.44,
          0.46,
          0.46,
          0.46,
          0.48,
          0.5,
          0.52,
          0.54,
          0.56,
          0.56,
          0.58,
          0.6,
          0.62,
          0.64,
          0.64,
          0.64,
          0.64,
          0.66,
          0.66,
          0.68,
          0.7,
          0.7,
          0.7,
          0.72,
          0.72,
          0.74,
          0.76,
          0.76,
          0.76,
          0.76,
          0.76,
          0.76,
          0.76,
          0.76,
          0.78,
          0.78,
          0.78,
          0.8,
          0.8,
          0.8,
          0.82,
          0.82,
          0.84,
          0.86,
          0.86,
          0.86,
          0.86,
          0.86,
          0.86,
          0.86,
          0.86,
          0.88,
          0.9,
          0.92,
          0.94,
          0.94,
          0.94,
          0.94,
          0.94,
          0.94,
          0.94,
          0.94,
          0.94,
          0.96,
          0.96,
          0.96,
          0.98,
          0.98,
          0.98,
          1.0
        ]
      }
    },
    {
      "seed": 7,
      "relatorio": {
        "n_queries_total": 100,
        "n_queries_conhecidas": 50,
        "n_queries_novas": 50,
        "n_ids_catalogo": 50,
        "n_ids_novos": 50,
        "tpr_at_fpr_01": 0.12,
        "tpr_at_fpr_05": 0.24,
        "rank1_open_set": 0.12,
        "auc_roc": 0.6387999999999999,
        "eer": 0.38,
        "tau_fpr_01": 0.9379326701164246,
        "tau_fpr_05": 0.8359649181365967,
        "tau_eer": 0.6492945551872253,
        "fpr_curve": [
          0.0,
          0.0,
          0.0,
          0.0,
          0.0,
          0.0,
          0.0,
          0.02,
          0.02,
          0.02,
          0.04,
          0.04,
          0.04,
          0.04,
          0.04,
          0.06,
          0.06,
          0.06,
          0.06,
          0.06,
          0.08,
          0.08,
          0.08,
          0.1,
          0.12,
          0.14,
          0.14,
          0.14,
          0.16,
          0.18,
          0.2,
          0.2,
          0.22,
          0.22,
          0.24,
          0.26,
          0.26,
          0.28,
          0.28,
          0.3,
          0.3,
          0.3,
          0.32,
          0.32,
          0.32,
          0.34,
          0.34,
          0.34,
          0.34,
          0.36,
          0.38,
          0.4,
          0.42,
          0.44,
          0.46,
          0.48,
          0.48,
          0.5,
          0.5,
          0.52,
          0.52,
          0.54,
          0.56,
          0.56,
          0.58,
          0.58,
          0.58,
          0.6,
          0.62,
          0.64,
          0.66,
          0.66,
          0.68,
          0.68,
          0.7,
          0.72,
          0.74,
          0.76,
          0.76,
          0.78,
          0.78,
          0.8,
          0.82,
          0.84,
          0.84,
          0.84,
          0.84,
          0.86,
          0.86,
          0.86,
          0.88,
          0.9,
          0.9,
          0.9,
          0.9,
          0.92,
          0.92,
          0.94,
          0.96,
          0.98,
          1.0
        ],
        "tpr_curve": [
          0.0,
          0.02,
          0.04,
          0.06,
          0.08,
          0.1,
          0.12,
          0.12,
          0.14,
          0.16,
          0.16,
          0.18,
          0.2,
          0.22,
          0.24,
          0.24,
          0.26,
          0.28,
          0.3,
          0.32,
          0.32,
          0.34,
          0.36,
          0.36,
          0.36,
          0.36,
          0.38,
          0.4,
          0.4,
          0.4,
          0.4,
          0.42,
          0.42,
          0.44,
          0.44,
          0.44,
          0.46,
          0.46,
          0.48,
          0.48,
          0.5,
          0.52,
          0.52,
          0.54,
          0.56,
          0.56,
          0.58,
          0.6,
          0.62,
          0.62,
          0.62,
          0.62,
          0.62,
          0.62,
          0.62,
          0.62,
          0.64,
          0.64,
          0.66,
          0.66,
          0.68,
          0.68,
          0.68,
          0.7,
          0.7,
          0.72,
          0.74,
          0.74,
          0.74,
          0.74,
          0.74,
          0.76,
          0.76,
          0.78,
          0.78,
          0.78,
          0.78,
          0.78,
          0.8,
          0.8,
          0.82,
          0.82,
          0.82,
          0.82,
          0.84,
          0.86,
          0.88,
          0.88,
          0.9,
          0.92,
          0.92,
          0.92,
          0.94,
          0.96,
          0.98,
          0.98,
          1.0,
          1.0,
          1.0,
          1.0,
          1.0
        ]
      }
    },
    {
      "seed": 123,
      "relatorio": {
        "n_queries_total": 100,
        "n_queries_conhecidas": 50,
        "n_queries_novas": 50,
        "n_ids_catalogo": 50,
        "n_ids_novos": 50,