{
  "n_individuos": 100,
  "n_query": 100,
  "n_galeria": 476,
  "relatorio": {
    "n_queries": 100,
    "n_galeria": 476,
    "n_ids": 100,
    "top_k": {
      "1": 0.61,
      "2": 0.66,
      "3": 0.69,
      "4": 0.71,
      "5": 0.73,
      "6": 0.74,
      "7": 0.75,
      "8": 0.77,
      "9": 0.78,
      "10": 0.79
    },
    "cmc": [
      0.61,
      0.66,
      0.69,
      0.71,
      0.73,
      0.74,
      0.75,
      0.77,
      0.78,
      0.79
    ],
    "mAP_at_k": {
      "1": 0.61,
      "2": 0.635,
      "3": 0.6308333333333332,
      "4": 0.6272222222222222,
      "5": 0.6235972222222221,
      "6": 0.6144638888888888,
      "7": 0.609138492063492,
      "8": 0.6057107142857143,
      "9": 0.6013746031746031,
      "10": 0.6006292328042327
    },
    "mAP": 0.44820381826161737
  }
}
