{
  "n_individuos": 50,
  "n_query": 50,
  "n_galeria": 230,
  "relatorio": {
    "n_queries": 50,
    "n_galeria": 230,
    "n_ids": 50,
    "top_k": {
      "1": 0.72,
      "2": 0.72,
      "3": 0.8,
      "4": 0.82,
      "5": 0.82,
      "6": 0.82,
      "7": 0.84,
      "8": 0.84,
      "9": 0.84,
      "10": 0.86
    },
    "cmc": [
      0.72,
      0.72,
      0.8,
      0.82,
      0.82,
      0.82,
      0.84,
      0.84,
      0.84,
      0.86
    ],
    "mAP_at_k": {
      "1": 0.72,
      "2": 0.72,
      "3": 0.7333333333333333,
      "4": 0.73,
      "5": 0.7198055555555556,
      "6": 0.7028944444444444,
      "7": 0.6952968253968254,
      "8": 0.6927968253968254,
      "9": 0.6892357142857144,
      "10": 0.6866047619047619
    },
    "mAP": 0.5594258891900192
  }
}
