{
  "tipo": "openset_petface",
  "max_individuos": 50,
  "frac_novos": 0.5,
  "seeds": [
    42,
    7,
    123
  ],
  "timestamp_utc": "20260526T011154Z",
  "agregado": {
    "tpr_at_fpr_01": {
      "media": 0.21333333333333335,
      "std": 0.06110100926607788,
      "min": 0.16,
      "max": 0.28
    },
    "tpr_at_fpr_05": {
      "media": 0.32,
      "std": 0.1833030277982336,
      "min": 0.16,
      "max": 0.52
    },
    "rank1_open_set": {
      "media": 0.21333333333333335,
      "std": 0.06110100926607788,
      "min": 0.16,
      "max": 0.28
    },
    "auc_roc": {
      "media": 0.6938666666666666,
      "std": 0.021125655808360903,
      "min": 0.6752,
      "max": 0.7168
    },
    "eer": {
      "media": 0.32,
      "std": 0.03999999999999998,
      "min": 0.28,
      "max": 0.36
    },
    "tau_fpr_01": {
      "media": 0.8454055190086365,
      "std": 0.024486666853627898,
      "min": 0.8184629678726196,
      "max": 0.8663045167922974
    },
    "tau_fpr_05": {
      "media": 0.8115200400352478,
      "std": 0.055665351560836115,
      "min": 0.7550137639045715,
      "max": 0.8663045167922974
    },
    "tau_eer": {
      "media": 0.6382882793744405,
      "std": 0.01582665426814678,
      "min": 0.6218901872634888,
      "max": 0.6534737348556519
    }
  },
  "por_seed": [
    {
      "n_queries_total": 50,
      "n_queries_conhecidas": 25,
      "n_queries_novas": 25,
      "n_ids_catalogo": 25,
      "n_ids_novos": 25,
      "tpr_at_fpr_01": 0.2,
      "tpr_at_fpr_05": 0.28,
      "rank1_open_set": 0.2,
      "auc_roc": 0.6896,
      "eer": 0.36,
      "tau_fpr_01": 0.8514490723609924,
      "tau_fpr_05": 0.8132418394088745,
      "tau_eer": 0.6534737348556519,
      "seed": 42
    },
    {
      "n_queries_total": 50,
      "n_queries_conhecidas": 25,
      "n_queries_novas": 25,
      "n_ids_catalogo": 25,
      "n_ids_novos": 25,
      "tpr_at_fpr_01": 0.16,
      "tpr_at_fpr_05": 0.16,
      "rank1_open_set": 0.16,
      "auc_roc": 0.6752,
      "eer": 0.31999999999999995,
      "tau_fpr_01": 0.8663045167922974,
      "tau_fpr_05": 0.8663045167922974,
      "tau_eer": 0.6218901872634888,
      "seed": 7
    },
    {
      "n_queries_total": 50,
      "n_queries_conhecidas": 25,
      "n_queries_novas": 25,
      "n_ids_catalogo": 25,
      "n_ids_novos": 25,
      "tpr_at_fpr_01": 0.28,
      "tpr_at_fpr_05": 0.52,
      "rank1_open_set": 0.28,
      "auc_roc": 0.7168,
      "eer": 0.28,
      "tau_fpr_01": 0.8184629678726196,
      "tau_fpr_05": 0.7550137639045715,
      "tau_eer": 0.6395009160041809,
      "seed": 123
    }
  ],
  "fpr_curve_seed_canonica": [
    0.0,
    0.0,
    0.0,
    0.0,
    0.0,
    0.0,
    0.04,
    0.04,
    0.04,
    0.08,
    0.12,
    0.12,
    0.12,
    0.12,
    0.12,
    0.16,
    0.2,
    0.24,
    0.24,
    0.28,
    0.28,
    0.28,
    0.32,
    0.32,
    0.32,
    0.36,
    0.4,
    0.4,
    0.44,
    0.44,
    0.44,
    0.48,
    0.52,
    0.52,
    0.56,
    0.6,
    0.64,
    0.64,
    0.68,
    0.72,
    0.76,
    0.76,
    0.8,
    0.8,
    0.8,
    0.84,
    0.88,
    0.92,
    0.96,
    0.96,
    1.0
  ],
  "tpr_curve_seed_canonica": [
    0.0,
    0.04,
    0.08,
    0.12,
    0.16,
    0.2,
    0.2,
    0.24,
    0.28,
    0.28,
    0.28,
    0.32,
    0.36,
    0.4,
    0.44,
    0.44,
    0.44,
    0.44,
    0.48,
    0.48,
    0.52,
    0.56,
    0.56,
    0.6,
    0.64,
    0.64,
    0.64,
    0.68,
    0.68,
    0.72,
    0.76,
    0.76,
    0.76,
    0.8,
    0.8,
    0.8,
    0.8,
    0.84,
    0.84,
    0.84,
    0.84,
    0.88,
    0.88,
    0.92,
    0.96,
    0.96,
    0.96,
    0.96,
    0.96,
    1.0,
    1.0
  ],
  "seed_canonica": 42
}