{
  "n_individuos": 200,
  "n_query": 200,
  "n_galeria": 958,
  "relatorio": {
    "n_queries": 200,
    "n_galeria": 958,
    "n_ids": 200,
    "top_k": {
      "1": 0.59,
      "2": 0.64,
      "3": 0.675,
      "4": 0.695,
      "5": 0.715,
      "6": 0.725,
      "7": 0.73,
      "8": 0.745,
      "9": 0.745,
      "10": 0.76
    },
    "cmc": [
      0.59,
      0.64,
      0.675,
      0.695,
      0.715,
      0.725,
      0.73,
      0.745,
      0.745,
      0.76
    ],
    "mAP_at_k": {
      "1": 0.59,
      "2": 0.615,
      "3": 0.6133333333333333,
      "4": 0.6075,
      "5": 0.6061527777777778,
      "6": 0.5986416666666666,
      "7": 0.5926337301587301,
      "8": 0.5898702380952381,
      "9": 0.5831954365079365,
      "10": 0.5794574074074074
    },
    "mAP": 0.3997879876348465
  }
}
